{
    "matches": [
        [
            16.755859375,
            185.744140625
        ],
        [
            203.400390625,
            336.564453125
        ]
    ],
    "ports": [
        null,
        {
            "children": [],
            "height": 92,
            "left": 204,
            "top": 251,
            "width": 124
        },
        {
            "children": [],
            "height": 92,
            "left": 303,
            "top": 251,
            "width": 124
        },
        null
    ],
    "scale": 0.7499999999999999,
    "screen": {
        "children": [],
        "height": 308,
        "left": 115,
        "top": 39,
        "width": 411
    }
}