{
    "matches": [
        [
            0.673828125,
            333.099609375
        ],
        [
            348.337890625,
            545.326171875
        ],
        [
            574.806640625,
            950.498046875
        ]
    ],
    "ports": [
        {
            "children": [],
            "height": 105,
            "left": 4,
            "top": 248,
            "width": 131
        },
        {
            "children": [],
            "height": 105,
            "left": 106,
            "top": 248,
            "width": 141
        },
        null,
        null
    ],
    "scale": 0.8560606060606054,
    "screen": {
        "children": [],
        "height": 351,
        "left": 4,
        "top": 6,
        "width": 468
    }
}