{
    "matches": [
        [
            3.076171875,
            252.037109375
        ],
        [
            262.923828125,
            488.087890625
        ],
        [
            503.275390625,
            672.029296875
        ]
    ],
    "ports": [
        {
            "children": [],
            "height": 105,
            "left": 161,
            "top": 248,
            "width": 130
        },
        null,
        {
            "children": [],
            "height": 105,
            "left": 376,
            "top": 248,
            "width": 142
        },
        null
    ],
    "scale": 0.859848484848485,
    "screen": {
        "children": [],
        "height": 353,
        "left": 161,
        "top": 5,
        "width": 470
    }
}