{
    "matches": [
        [
            18.580078125,
            228.982421875
        ],
        [
            242.044921875,
            372.857421875
        ],
        [
            386.162109375,
            595.208984375
        ],
        [
            610.162109375,
            746.798828125
        ],
        [
            757.869140625,
            983.3485677083333
        ]
    ],
    "ports": [
        {
            "children": [],
            "height": 81,
            "left": 74,
            "top": 192,
            "width": 100
        },
        {
            "children": [],
            "height": 81,
            "left": 152,
            "top": 192,
            "width": 109
        },
        null,
        null
    ],
    "scale": 0.659090909090909,
    "screen": {
        "children": [],
        "height": 270,
        "left": 74,
        "top": 6,
        "width": 361
    }
}