{
    "matches": [
        [
            9.634765625,
            197.392578125
        ],
        [
            212.806640625,
            406.732421875
        ]
    ],
    "ports": [
        {
            "children": [],
            "height": 80,
            "left": 23,
            "top": 217,
            "width": 99
        },
        null,
        {
            "children": [],
            "height": 80,
            "left": 187,
            "top": 217,
            "width": 108
        },
        null
    ],
    "scale": 0.6553030303030305,
    "screen": {
        "children": [],
        "height": 269,
        "left": 23,
        "top": 32,
        "width": 359
    }
}