{
    "matches": [
        [
            2.666015625,
            189.626953125
        ],
        [
            210.755859375,
            374.865234375
        ],
        [
            392.572265625,
            569.626953125
        ],
        [
            588.337890625,
            728.916015625
        ],
        [
            755.568359375,
            912.037109375
        ]
    ],
    "ports": [
        {
            "children": [],
            "height": 89,
            "left": 215,
            "top": 235,
            "width": 109
        },
        null,
        {
            "children": [],
            "height": 89,
            "left": 396,
            "top": 235,
            "width": 119
        },
        null
    ],
    "scale": 0.723484848484849,
    "screen": {
        "children": [],
        "height": 297,
        "left": 215,
        "top": 30,
        "width": 396
    }
}