{
    "matches": [
        [
            0.498046875,
            194.095703125
        ],
        [
            205.275390625,
            400.439453125
        ],
        [
            414.630859375,
            605.912109375
        ]
    ],
    "ports": [
        null,
        null,
        {
            "children": [],
            "height": 97,
            "left": 299,
            "top": 258,
            "width": 130
        },
        {
            "children": [],
            "height": 97,
            "left": 403,
            "top": 258,
            "width": 130
        }
    ],
    "scale": 0.7878787878787878,
    "screen": {
        "children": [],
        "height": 324,
        "left": 102,
        "top": 35,
        "width": 432
    }
}