{
    "matches": [
        [
            11.05859375,
            18.00390625
        ],
        [
            32.126953125,
            117.685546875
        ],
        [
            138.857421875,
            159.001953125
        ],
        [
            169.779296875,
            173.162109375
        ],
        [
            182.337890625,
            340.447265625
        ]
    ],
    "ports": [
        {
            "children": [],
            "height": 94,
            "left": 24,
            "top": 258,
            "width": 116
        },
        {
            "children": [],
            "height": 94,
            "left": 115,
            "top": 258,
            "width": 126
        },
        null,
        null
    ],
    "scale": 0.7651515151515152,
    "screen": {
        "children": [],
        "height": 314,
        "left": 24,
        "top": 42,
        "width": 419
    }
}