{
    "matches": [
        [
            0.205078125,
            94.857421875
        ],
        [
            117.166015625,
            213.71002604166665
        ]
    ],
    "ports": [
        {
            "children": [],
            "height": 106,
            "left": 80,
            "top": 247,
            "width": 131
        },
        null,
        {
            "children": [],
            "height": 106,
            "left": 297,
            "top": 247,
            "width": 143
        },
        null
    ],
    "scale": 0.8674242424242425,
    "screen": {
        "children": [],
        "height": 356,
        "left": 80,
        "top": 2,
        "width": 475
    }
}